Input,Output
"ô_hay , mẹ_con nó đi đâu cả rồi",ô_hay mẹ_con đâu
thanh này ngắn hơn thanh kia,thanh này thanh kia ngắn hơn
cuốn truyện này không hay,cuốn truyện này hay không
Ánh ra sông chiều_hôm qua,chiều_hôm qua Ánh ra sông
ở đây mà làm hồ bơi thì tuyệt,ở đây hồ bơi làm tuyệt
ông ấy làm_việc liên_tục suốt từ sáng đến chiều,ông ấy làm_việc sáng chiều liên_tục
nó thích là kẹo chanh,kẹo chanh nó thích
họ đã bảo mà,họ bảo đã
quyển sách này,quyển sách này
thích ăn,ăn thích
phen này thì_phải biết,phen này thì_phải biết
mạt_sát không phải là phê_bình,mạt_sát không phải phê_bình
sáng vác tối vác thì ai mà chả chán,vác sáng vác tối chán
thời_đại biến_đổi thì văn_học cũng biến_đổi,thời_đại biến_đổi văn_học biến_đổi
nói vừa đủ,nói đủ vừa
xin các bạn giữ trật_tự,xin bạn trật_tự
"trong thì ấm , ngoài thì êm",trong ấm ngoài êm
ở đây chúng_ta làm_việc 5 ngày 1 tuần,ở đây chúng_ta làm_việc tuần 1 ngày 5
ngọn đèn khi tỏ khi mờ,đèn khi tỏ khi mờ
con đã cất áo_quần vào chưa,con áo_quần cất chưa
Cụ Tú đã bạc hết cả tóc rồi,Cụ Tú tóc bạc hết
tôi không tiêu tiền_của ông Ba,tôi ông Ba tiêu tiền_của không
cuộc họp hoãn lại một tuần hay nửa tháng,họp hoãn một tuần hay nửa tháng
"không ai nói_gì , mọi người lảng dần ra",ai nói_gì không mọi người lảng dần
đại_bác ùng_oàng suốt đêm,đại_bác ùng_oàng suốt đêm
"chó treo , mèo đậy",chó treo mèo đậy
văn có hay tác_phẩm mới có giá_trị,văn có tác_phẩm giá_trị có
tôi cấm nó rồi,tôi nó cấm
"của_đáng_tội , nó có biết gì đâu",của_đáng_tội nó biết gì
không ai nói_gì nhưng mọi người lảng dần ra,ai nói_gì không nhưng mọi người lảng dần
thế có khổ không,thế khổ có
"vào một buổi chiều hè , Ánh ra sông",vào một chiều hè Ánh sông ra
gây ra chuyện này không phải là tôi,gây chuyện này tôi không phải
cuốn sách đặt trên tập nhạc,tập nhạc cuốn sách trên
đoạn này tôi thấy không ổn,tôi đoạn này thấy không ổn
có đau không,đau có
sách có hay thì người_ta mới thích đọc,sách hay có người_ta đọc thích
Nam có_thể trúng_cử đấy,Nam trúng_cử có_thể
trong có ấm thì ngoài mới có êm,trong ấm thì ngoài êm
nó cố_ý làm hỏng cái máy thật,nó máy làm hỏng cố_ý
trời mà mưa thì_sao,mưa thì_sao
đề_nghị các đồng_chí yên_lặng,đồng_chí đề_nghị yên_lặng
anh này lại say_khướt rồi,anh này say_khướt rồi
em tôi thích nhất kẹo chanh,em tôi kẹo chanh thích
có những mười người vắng_mặt,có người mười vắng_mặt
tôi xin cảm_ơn,tôi cảm_ơn
khi tàu chạy thì về,tàu chạy thì về
con Cún người_ta bắt mất rồi,cún người_ta bắt rồi
thế_gian được vợ hỏng chồng,thế_gian vợ được chồng hỏng
"những chiếc ô_tô chạy đi , chạy lại như những con_thoi , máy_bay_phản_lực rít ào_ào và len_lỏi giữa tất_cả những ô_tô , máy_bay ấy có một chiếc xe_đạp ba bánh",ô_tô chạy đi chạy như con_thoi máy_bay_phản_lực rít và len_lỏi máy_bay chiếc xe_đạp ba bánh có
"nhà_nước của chúng_ta thật_sự dân_chủ , vì nhà_nước đó thực_sự là của dân , sứ_mạng lịch_sử của nó là huy_động lực_lượng của nhân_dân để xây_dựng xã_hội mới , đời_sống mới , con_người mới",nhà_nước dân_chủ nhà_nước của dân lực_lượng nhân_dân huy_động xã_hội mới xây_dựng đời_sống mới con_người mới
Nam đóng bàn,Nam bàn đóng
cháu bé gầy_yếu quá,bé gầy_yếu
"vườn rộng rào thưa , khó duổi gà",vườn rộng rào thưa gà khó duổi
"anh có biết ông ấy không , ông Văn ấy mà",anh ông ấy biết Văn
mình đi xe_lửa hay máy_bay,xe_lửa hay máy_bay mình đi
thế_thì có khổ cho tôi không,thế_thì tôi khổ
không ai nói_gì nên mọi người lảng dần ra,ai nói_gì không nên mọi người lảng dần
thằng bé nhìn con hổ,thằng bé hổ nhìn
Nam sẽ trúng_cử một_cách chắc_chắn,Nam trúng_cử chắc_chắn
thế_thì có khổ cho tôi không,thế_thì tôi khổ
cần gì thì nói ngay đi,cần thì nói
Nam đã trúng_cử,Nam trúng_cử đã
tôi xin gửi các bạn lời chào thân_ái,tôi bạn gửi lời chào thân_ái
cô bé nhà bên ai_ngờ cũng là du_kích,cô bé nhà bên ai_ngờ là du_kích
"ôi_chao , những việc_làm mở_đường , tạo lối đi cho kẻ đến sau bao_giờ cũng nghiêm_trang và khó_nhọc",việc_làm mở_đường lối đi tạo cho kẻ đến sau bao_giờ nghiêm_trang và khó_nhọc
con muốn ăn đòn phải không,con đòn muốn
"rẻ thì_có rẻ , nhưng không đẹp",rẻ thì_có rẻ nhưng đẹp không
chưa nói đã cười là người vô_duyên,nói chưa cười đã người vô_duyên
làm như_thế cũng được chứ sao,làm như_thế được chứ sao
cái này bao_nhiêu tiền,cái này tiền bao_nhiêu
lỗi này tại ai thì tôi không biết,lỗi này tại ai tôi không biết
chồng tạp_chí ở trên cuốn Chí_Phèo,tạp_chí trên cuốn Chí_Phèo
khi tàu chạy về,khi tàu về
trong có ấm thì ngoài mới có êm,trong ấm thì ngoài êm
một cái tát rất kêu,một tát rất kêu
nó cố_ý làm hỏng cái máy thật,nó máy làm hỏng cố_ý
trong có ấm thì ngoài mới có êm,trong ấm thì ngoài êm
giếng này nước trong,giếng này nước trong
"anh có biết ông ấy không , ông Văn ấy mà",anh ông ấy biết Văn
"sau trúc , ô_kìa",trúc sau ô_kìa
"vì không đọc kỹ đề , nó đã làm hỏng mất bài tập_làm_văn",đề đọc kỹ không nó tập_làm_văn hỏng
vì_thế là nhiều đối_với cháu,vì_thế đối_với cháu nhiều
lại muốn vòi tiền nữa chứ gì,muốn tiền chứ gì
lắm thầy rầy ma,thầy lắm ma rầy
mọi người đứng_dậy ư,mọi người đứng_dậy
gà của ông Tư chết mất hai con,ông Tư gà hai chết
từ xóm bên bốc lên một cột khối,xóm bên cột khối bốc lên
Nam sẽ trúng_cử đó là một điều chắc_chắn,Nam trúng_cử là điều chắc_chắn
cần bao_nhiêu cũng có,cần bao_nhiêu cũng có
anh_em ở đây không_ít_thì_nhiều đều có đóng_góp,anh_em ở đây không_ít_thì_nhiều đóng_góp có
Lương bật đèn_pin nhìn đồng_hồ tay : hai giơ rưỡi sáng,Lương đèn_pin bật đồng_hồ tay nhìn giờ hai rưỡi sáng
"mọi người đi trước cả rồi , còn tôi thì tôi sẽ đi_sau","mọi người đi rồi , tôi đi_sau sẽ"
em ơi buồn làm_chi,em buồn làm_chi
"ở đây lúc này , trời nóng quá",ở đây lúc này nóng quá
hai người gặp nhau lần cuối_cùng là ở Yên_Bái,ở Yên_Bái hai người lần cuối_cùng gặp
công_việc đang bộn_bề,công_việc bộn_bề
anh đánh đàn cho tôi nghe,anh đàn đánh tôi nghe
"gió thổi , mây bay",thổi gió bay mây
no gì mà no,no gì mà no
tôi cấm anh,tôi anh cấm
nó làm rách cái màn mất rồi,nó cái màn làm rách
hôm_qua và hôm_kia thì họ đi bộ,hôm_qua và hôm_kia họ bộ đi
"ao sâu nước cả , khôn chài cá",ao nước sâu khôn chài cá
nó hỏng kì thi này vì môn toán,nó toán thi hỏng
"cải chửa ra cây , cà mới nụ",cải cây chửa ra cà nụ mới
hình_như anh sốt ruột,hình_như anh sốt ruột
thế hai bác đã đặt tên cháu chưa,hai bác tên cháu đặt chưa
Nam tặng em bé kẹo hay nước_hoa,kẹo hay nước_hoa bé Nam tặng
bỏ xuống đây,bỏ xuống đây
bao_giờ đỗ trạng cũng được vinh_quy,bao_giờ đỗ trạng vinh_quy được
họ gặp nhau lần cuối là ở Tây_Bắc cơ,lần cuối họ gặp là ở Tây_Bắc
"anh Đức này , anh lấy tôi làm vợ nhé",anh Đức anh tôi lấy làm vợ
gió đánh cành tre,cành tre gió đánh
"cái Tý hai hàng nước_mắt ròng_ròng , hôn_hít các em một lượt , rồi lủi_thủi , nó đội mê nón trên đầu và cắp gói áo vào nách",Tý nước_mắt ròng_ròng em hôn_hít nón đội mê trên đầu gói áo vào nách cắp
"con tôi đứa thì đi làm , đứa thì đi học",con tôi đứa làm đứa học
con chó chạy ngoài sân,ngoài sân chó chạy
sao anh lại nói thế,anh nói sao
"từ bấy_giờ đến bây_giờ , hơn sáu năm trời rồi",bấy_giờ bây_giờ hơn sáu năm
tập nhạc đặt dưới cuốn sách,cuốn sách tập nhạc dưới
còn hai bài kia thì sai,còn hai sai
có_tiếng đại_bác nổ ùng_oàng từ xa,xa có_tiếng đại_bác ùng_oàng
"nó chịu rồi , còn anh thì_có làm được không ạ",nó chịu rồi anh làm được
nó làm được thế_này đã là khá lắm rồi,nó làm được thế_này khá rồi
"khi xem hoa nở , khi chờ trăng lên",khi hoa nở xem khi trăng lên chờ
dù ai nói ngã nói nghiêng thì ta vẫn vững như kiềng ba chân,dù nói ngã nói nghiêng ta như kiềng ba chân
"ông Chưởng , phó của cha tôi , nay đã lên tướng",ông Chưởng phó cha tôi nay lên tướng
"yêu Bác , lòng ta trong sách hơn",Bác yêu lòng ta trong sách hơn
"sinh_bệnh đâu phải tại ăn , mà tại ăn nhiều quá đấy chứ",sinh_bệnh đâu phải tại ăn nhiều
cứ nói thế_thì nó khắc hiểu,cứ nói thế_thì nó khắc hiểu
chẳng thà ông ấy cứ nói_toẹt ra,chẳng thà ông ấy nói_toẹt ra
nước giềng này trong mà_lại gần nhà,nước giềng này trong gần nhà
họ đã bảo mà,họ bảo đã
Không làm thì không ăn đấy nhé,làm không thì ăn không
trong khoa còn có người khác biết đánh bóng_bàn,trong khoa người bóng_bàn đánh có
anh phê_bình hay mạt_sát tôi đấy,anh tôi phê_bình mạt_sát
đường_sá lầy_lội kinh người,đường_sá lầy_lội kinh
"trong thì ấm , ngoài thì êm",trong ấm ngoài êm
"nhân_dân như nước , bộ_đội như cá",nhân_dân nước bộ_đội cá
Việt_Minh mà lên được thì dân đỡ khổ ông nhỉ,Việt_Minh lên thì dân khổ đỡ
"nó giải được năm bài , thì ba bài đúng",nó bài năm ba đúng
Làm_sao mà trốn về được,trốn về Làm_sao
ra lấy áo_quần vào đi con,ra áo_quần lấy
"đừng xanh như lá , bạc như vôi",xanh như lá bạc như vôi đừng
mọi lí_thuyết đều xám,lí_thuyết mọi xám đều
nồi đồng nấu ốc,nồi đồng ốc nấu
"bói thì_ra ma , quét nhà thì_ra rác",bói thì_ra nhà quét rác thì_ra
lắm thầy rầy ma,thầy lắm ma rầy
loài thú ăn thịt cỡ lớn lông màu vàng có vằn đen là hổ,thú lớn lông màu vàng vằn đen thịt ăn là hổ
ông ấy làm_việc liên_tục suốt từ sáng đến chiều,ông ấy làm_việc sáng chiều liên_tục
"đèn đêm đã bật , sân_bay lại bắt_đầu làm_việc",đèn đêm bật sân_bay bắt_đầu làm_việc
"mây vàng thì gió , mây đỏ thì mưa",mây vàng gió mây đỏ mưa
anh Nam làm_việc thì chăm_chỉ,Nam làm_việc chăm_chỉ
thấy địch thì khai_triển đội_hình,địch thấy thì đội_hình khai_triển
"đứa bảo có , đứa bảo không , biết nghe đứa nào bây_giờ",đứa bảo có đứa bảo không nghe đứa nào
"văn_học nghệ_thuật là gì , xưa_nay người_ta đã định_nghĩa nhiều rồi",văn_học nghệ_thuật xưa_nay người_ta đã định_nghĩa
hòn đất mà biết nói_năng thì thầy_địa_lý hàm_răng không còn,đất nói_năng biết thầy_địa_lý hàm_răng còn không
không làm thì không ăn,làm không thì ăn không
chính anh làm hỏng việc chứ ai,anh làm hỏng
Mưa ướt hết bây_giờ,mưa ướt hết
con_trâu đi trước cái cày theo sau thì còn lạc_hậu,con_trâu đi trước cày sau thì lạc_hậu còn
mời ngồi xuống,mời ngồi
coi_chừng mất xe,xe mất coi_chừng
làm như_thế cũng được chứ sao,làm như_thế được chứ sao
tệ đến thế kia à,tệ thế
"nó có giận anh thật , nhưng không ghét anh đâu",anh nó giận có nhưng ghét không
tôi làm được,tôi được làm
hình_như anh hài_lòng lắm thì_phải,hình_như anh hài_lòng
tôi xin gửi các bạn lời chào thân_ái,tôi bạn gửi lời chào thân_ái
việc này không chóng thì chầy cũng sẽ đưa đến kết_quả xấu,việc này không chóng thì chầy kết_quả xấu
tệ đến thế kia à,tệ thế
"chiếc xe càng đến gần phố Hàng_Cót , Phượng càng hồi_hộp",xe đến gần phố Hàng_Cót Phượng hồi_hộp
sen xa hồ sen khô hồ cạn,hồ sen xa hồ cạn
cháu kén quá đấy,cháu kén quá
vì không ai nói_gì nên mọi người lãng dần,vì ai nói_gì không nên mọi người lãng dần
dẫn_đầu đội_hình là cờ và biểu_ngữ,đội_hình dẫn_đầu cờ biểu_ngữ
ông cho tôi xin tí lửa,ông lửa tôi xin
đẹp quá nhỉ,đẹp quá
"ngoài đình , trống lại thúc , mõ lại khua , tù_và rúc liên_thanh bất chỉ",ngoài đình trống thúc mõ khua tù_và liên_thanh rúc
"trong thì ấm , ngoài thì êm",trong ấm ngoài êm
xin đề_nghị các đồng_chí yên_lặng,xin đồng_chí đề_nghị yên_lặng
"nước ta là một , dân_tộc ta là một",nước một dân_tộc một
con mèo này không đẹp,con mèo này đẹp không
anh_ấy tôi đã ra_sức chiều_chuộng,anh_ấy tôi ra_sức chiều_chuộng
sáng_tạo là vấn_đề rất quan_trọng ; không sáng_tạo không làm cách_mạng được,sáng_tạo vấn_đề quan_trọng không sáng_tạo không làm cách_mạng được
hai người gặp nhau ở Yên_Bái,ở Yên_Bái hai người gặp
những_ai đã gặp anh,anh những_ai đã gặp
nếu thế_là tốt,nếu thế_là tốt
sông_cạn_đá_mòn anh vẫn thủy_chung,sông_cạn_đá_mòn anh thủy_chung vẫn
mà chàng quên chí cao vì sự_nghiệp,mà chàng sự_nghiệp chí cao vì
được tặng giải 1 một cậu_bé mười_hai tuổi,giải 1 cậu_bé mười_hai tuổi
"luật này , như ai_nấy đều biết , có một phạm_vi hiệu luật rất hẹp",ai_nấy đều biết luật này phạm_vi hiệu luật hẹp
ai chứ tôi thì tôi không biết,ai chứ tôi không biết
vì lợi_ích chung ông_ta đã xin từ_chức,vì lợi_ích chung ông_ta từ_chức xin
giáo_viên ăn quả cóc xanh,giáo_viên cóc xanh ăn
quý_vị ngồi xuống đi,quý_vị ngồi
"Lan ơi , mưa",Lan mưa
xấu chàng khổ ai,chàng xấu khổ ai
"chiếc xe càng đến gần phố Hàng_Cót , Phượng càng hồi_hộp",xe đến gần phố Hàng_Cót Phượng hồi_hộp
con Cún người_ta bắt mất rồi,cún người_ta bắt rồi
lần sau còn thể nữa thì tôi không để cho anh yên đâu,lần sau anh tôi để không yên
số tác_giả này nhận_định khác hẳn,tác_giả này nhận_định khác hẳn
món này ăn thì ngon làm thì tốn công,món này ngon ăn tốn công làm
nếu thế_thì tốt,nếu thế_thì tốt
sau đây là vài điểm cần nói rõ thêm,sau đây vài điểm nói rõ cần
ai về ai ở mặc ai,về ai ở ai mặc ai
Nam cho em bé cái kẹo,Nam em bé cho kẹo
ai làm cũng được,làm ai cũng được
Cụ Tú tóc bạc hết cả rồi,Cụ Tú tóc bạc hết
"chó treo , mèo đậy",chó treo mèo đậy
"rẻ thì_có rẻ , nhưng không đẹp",rẻ thì_có rẻ nhưng đẹp không
anh_ấy đã giết ông Ba,anh_ấy ông Ba giết
giáo_viên thích nho,giáo_viên nho thích
mày có câm cái mồm đi không,mày mồm câm
thấy địch khai_triển đội_hình,địch thấy đội_hình khai_triển
nó làm rách mất cái màn,nó cái màn làm rách
quả_tình là tôi có ý gì chê anh đâu,quả_tình tôi anh ý chê có
cái bông hoa này vẽ to quá,hoa này vẽ to
có_tiếng đại_bác nổ ùng_oàng từ xa,xa có_tiếng đại_bác ùng_oàng
"để nâng cao năng_suất , ta phải cải_tiến thao_tác",nâng cao năng_suất để ta cải_tiến thao_tác phải
cuốn sách đặt trên tập nhạc,tập nhạc cuốn sách trên
con mèo này không đẹp,con mèo này đẹp không
không ai nói_gì nhưng mọi người lảng dần ra,ai nói_gì không nhưng mọi người lảng dần
bói mà ra ma thì quét nhà ra rác,bói ma ra thì nhà quét rác
"ông Năm ấy mà , ông ấy tốt lắm",ông Năm tốt
nói vào_đề,nói vào_đề
nó hỏng kì thi này vì dốt,nó thi hỏng vì dốt
"tre , nứa , mai , vầu giúp người trăm_nghìn công_việc khác_nhau",tre nứa mai vầu người trăm_nghìn công_việc khác_nhau giúp
Gió chạy loạt_soạt trong cỏ,Gió loạt_soạt chạy trong cỏ
số tác_giả này nhận_định khác hẳn,tác_giả này nhận_định khác hẳn
ai đi ai về nó cũng chẳng để_ý,đi ai về ai nó chẳng để_ý
chìa_khóa này mở_cửa kho,chìa_khóa này kho mở_cửa
hổ là một loài thú ăn thịt,hổ thú ăn thịt
yêu là chết ở trong lòng một_ít,yêu trong lòng chết một_ít
mày có câm cái mồm đi không,mày mồm câm
hắn tức_khắc đến nhà đội Tảo,hắn nhà đội Tảo đến
tôi thì làm được,tôi làm được
người mà đến thế thì_thôi,người đến thì_thôi
em bé khóc,bé khóc
"gió thổi , mây bay",thổi gió bay mây
cấm hút thuốc_lá,thuốc_lá hút cấm
tôi chỉ thích đọc Nam_Cao,tôi Nam_Cao đọc thích
ăn nhiều quá thì mới sinh_bệnh chứ,ăn nhiều sinh_bệnh
may_vá học cũng không dễ,may_vá học dễ không
"liên_tục trong hai tuần qua , nhiều thương_lái thuê hàng chục lao_động từ các tỉnh phía Bắc vào xã Tịnh_Hà , huyện Sơn_Tịnh , nơi có hàng trăm hộc dân trồng chuối_lùn ven sông Trà KHúc , để mở đại_lý thu_mua chuối_lùn còn xanh xuất sang Trung_Quốc",tuần hai liên_tục thương_lái hục lao_động thuê từ các tỉnh phía Bắc vào Tịnh_Hà Sơn_Tịnh có hàng trăm hộc dân chuối_lùn trồng ven sông Trà KHúc đại_lý mở chuối_lùn còn xanh thu_mua xuất Trung_Quốc
cuốn Chí_Phèo ở dưới chồng tạp_chí,cuốn Chí_Phèo ở dưới tạp_chí
nước sôi rồi,nước sôi rồi
"đừng ra sân , ngoài ấy rét lắm",sân ra đừng ngoài ấy rét
con hãy ngừng ngay cái việc đáng đánh_đòn ấy,ngừng ngay việc đáng đánh_đòn
mọi người phải có_mặt lúc 6 giờ,mọi người giờ 6 có_mặt
bằng_lòng hay không thì cũng nói cho ngta biết,bằng_lòng hay không thì nói người_ta biết
mẹ cô ấy,cô ấy mẹ
tớ sẽ được điểm 10 về môn toán một_cách chắc_chắn,tớ toán điểm 10 được
khuya rồi,khuya rồi
tôi đã xem đội ta đấu với đội bạn,tôi xem đội ta đội bạn đấu
không ai nói_gì nên mọi người lảng dần ra,ai nói_gì không nên mọi người lảng dần
cuốn Chí_Phèo ở dưới chồng tạp_chí,cuốn Chí_Phèo ở dưới tạp_chí
dặn thế_nào thì làm thế_ấy,dặn thế_nào làm thế_ấy
tôi mời quý_vị an_tọa,quý_vị an_tọa mời
nói hỗn với mẹ là không được,hỗn mẹ được không
khi trời mưa tạnh thì sẽ có cầu vòng,khi mưa tạnh cầu vòng có
lá rụng trên thềm,trên thềm lá rụng
thấy địch khai_triển đội_hình,địch thấy đội_hình khai_triển
"ông Chưởng , phó của cha tôi , nay đã lên tướng",ông Chưởng phó cha tôi nay lên tướng
dặn thế_nào nó cũng quên,dặn thế_nào nó quên
"cán_bộ của Đảng , của Nhà_nước và của các đoàn_thể nhân_dân , đảng_viên và đoàn_viên thanh_niên lao_động cần phải xung_phong gương_mẫu trong sản_xuất và công_tác",cán_bộ Đảng Nhà_nước đoàn_thể nhân_dân đảng_viên và đoàn_viên thanh_niên lao_động gương_mẫu xung_phong trong sản_xuất và công_tác
bài này mà lạc_đề thì hỏng rồi,bài này lạc_đề thì hỏng
ở đâu chứ ở đây thì khỏi lo,ở đâu chứ ở đây lo khỏi
bao_giờ trời nổi can_qua,trời nổi can_qua
anh tệ lắm,anh tệ lắm
ở đây thì không tiện,ở đây tiện không
tôi sẽ thi_hành nhiệm_vụ - người chiến_sĩ nói,tôi nhiệm_vụ thi_hành chiến_sĩ nói
theo ý tôi thì nên làm ngay,theo tôi nên làm ngay
"bầu vừa rụng rốn , mướp ra hoa",bầu rốn rụng mướp hoa ra
chuyện này nghiêm_trọng đây,chuyện này nghiêm_trọng
"những chuyện vui , chuyện buồn , chuyện gia_đình , chuyện hàng_xóm , … kể mãi không hết",chuyện vui chuyện buồn chuyện gia_đình chuyện hàng_xóm kể mãi không hết
khi tàu chạy thì về,tàu chạy thì về
đầu_trò tiếp khách trầu_không có,đầu_trò khách tiếp trầu_không có
sen xa hồ sen khô hồ cạn,hồ sen xa hồ cạn
may_mà ta đã dự_liệu trước cả rồi,may_mà ta dự_liệu trước rồi
chưa nói đã cười là người vô_duyên,nói chưa cười đã người vô_duyên
trời lạnh mà ăn_mặc phong_phanh thế_này thì chưa bị cảm là may đấy,trời lạnh ăn_mặc phong_phanh cảm chưa may
sắp mưa rồi đấy,mưa sắp
anh_ấy đã giết ông Ba,anh_ấy ông Ba giết
nếu có giấy_mời thì anh hãy đi,nếu giấy_mời có anh đi hãy
xin các bạn giữ trật_tự,xin bạn trật_tự
Tính ông Cửu nhà tôi nhân lão tâm bất lão,tính ông Cửu tôi nhân lão tâm bất lão
muốn gì được nấy,muốn gì được nấy
mọi lí_thuyết đều xám,lí_thuyết mọi xám đều
chợ không họp vì không phải phiên,chợ không họp vì không phải phiên
bao_giờ đỗ trạng bấy_giờ cưới nhau,bao_giờ đỗ trạng bấy_giờ cưới
tôi không tiêu tiền_của ông Ba,tôi ông Ba tiêu tiền_của không
khi tàu chạy về,khi tàu về
cháu đã làm bài thi toán,cháu bài thi toán làm đã
"ao sâu nước cả , khôn chài cá",ao nước sâu khôn chài cá
cây gạo đầu làng bị sét đánh_đổi rồi,đầu làng cây gạo sét đánh_đổ
quý_vị ngồi xuống đi,quý_vị ngồi
cậu thích chó hơn hay mèo hơn,cậu chó mèo thích hơn
thời_đại biến_đổi thì văn_học cũng biến_đổi,thời_đại biến_đổi văn_học biến_đổi
loài thú ăn thịt điển_hình là hổ,thú điển_hình thịt ăn là hổ
bấy_giờ là vào mùa mưa,bấy_giờ mùa mưa
khôn sống mống chết là một thực_tế xã_hội,khôn sống mống chết là xã_hội thực_tế
anh là tệ lắm,anh tệ lắm
"cải chửa ra cây , cà mới nụ",cải cây chửa ra cà nụ mới
nó làm hỏng bài tập_làm_văn vì không đọc kỹ đề_bài,nó tập_làm_văn làm hỏng vì đề_bài đọc không kỹ
thì_giờ là vàng_bạc,thì_giờ vàng_bạc
tôi chưa kịp chuẩn_bị thì nó đã đến,tôi chuẩn_bị chưa nó đến
ông mà nói gà thì bà lại nói vịt,gà ông nói thì vịt bà nói
trời thì mưa lâm_thâm,mưa lâm_thâm
liễu xa đào liễu ngả đào nghiêng,liễu đào xa liễu ngả đào nghiêng
tôi cấm đấy,tôi cấm
"thật vĩ_đại , người chiến_sĩ trong gian_khổ nghìn_trùng càng cao vời_vợi ý_chí diệt thù cứu nước",vĩ_đại chiến_sĩ trong gian_khổ nghìn_trùng cao vời_vợi ý_chí thù diệt nước cứu
đã bảo mà,bảo đã
tôi đã xem trận ấy,tôi trận ấy đã xem
"không ai nói_gì , mọi người lảng dần ra",ai nói_gì không mọi người lảng dần
đấm_đá như_thế cứ gọi_là tan xương,đấm_đá như_thế tan xương
ông bình bị anh tôi đánh,anh tôi Bình đánh
đã bảo mà,bảo đã
người đâu mà vô_tâm,người đâu mà vô_tâm
Lương bật đèn_pin nhìn đồng_hồ tay : hai giơ rưỡi sáng,Lương đèn_pin bật đồng_hồ tay nhìn giờ hai rưỡi sáng
"ở đây lúc này , trời sắp mưa",ở đây lúc này mưa sắp
nó hỏng kì thi này vì môn toán,nó toán thi hỏng
anh mời thì tôi đến,anh mời tôi đến
"nhằm thẳng quân_thù , bắn",nhằm quân_thù bắn
cô bé nhà bên ai_ngờ cũng là du_kích,cô bé nhà bên ai_ngờ là du_kích
"nóng quá , sắp mưa rồi",nóng quá mưa sắp
muốn nâng cao năng_suất thì ta phải cải_tiến thao_tác,nâng cao năng_suất muốn ta cải_tiến thao_tác phải
"dưới cờ Việt_Minh , đồng_bào hãy dũng_cảm tiến lên",dưới cờ Việt_Minh đồng_bào hãy dũng_cảm tiến lên
lạt buộc chặt,lạt buộc chặt
không chạy xe trong sân,trong sân chạy xe không
cơm đã dọn xong,cơm dọn xong
"để cho mẹ yên_tâm , cô thường viết thư cho mẹ",mẹ yên_tâm cô thường thư cho mẹ viết
bao_giờ đỗ trạng thì cưới,bao_giờ đỗ trạng thì cưới
em_gái tôi ít khi thăm_viếng họ_hàng,em_gái tôi họ_hàng thăm_viếng ít
người đâu mà vô_tâm,người đâu mà vô_tâm
em bé khóc,bé khóc
nó hỏng kì thi này vì lạc_đề,nó thi hỏng vì lạc_đề
con hãy ngừng ngay cái việc đáng đánh_đòn ấy,ngừng ngay việc đáng đánh_đòn
cuốn sách ấy đọc được đấy,cuốn sách ấy đọc được
họ đi bộ hôm_qua và hôm_kia,hôm_qua hôm_kia họ đi bộ
coi_chừng mất xe,xe mất coi_chừng
vào ngày chủ_nhật tôi chỉ nghe nhạc,chủ_nhật tôi nhạc nghe
thấy địch thì khai_triển đội_hình,địch thấy thì đội_hình khai_triển
"nỗi_niềm xưa , nghĩ mà thương",nỗi_niềm xưa thương nghĩ
nó hỏng kì thi này vì lạc_đề,nó thi hỏng vì lạc_đề
sách hay người_ta mới thích đọc,sách hay người_ta đọc thích
mà chàng quên chí cao vì sự_nghiệp,mà chàng sự_nghiệp chí cao vì
trời thì mưa lâm_thâm,mưa lâm_thâm
"nhân_dân như nước , bộ_đội như cá",nhân_dân nước bộ_đội cá
tôi đã xem đội ta đấu với đội bạn,tôi xem đội ta đội bạn đấu
nó rất sợ rắn,rắn nó sợ
"ông nói gà , bà nói vịt",gà ông nói vịt bà nói
"văn_học nghệ_thuật là gì , xưa_nay người_ta đã định_nghĩa nhiều rồi",văn_học nghệ_thuật xưa_nay người_ta đã định_nghĩa
hòn đất mà biết nói_năng thì thầy_địa_lý hàm_răng không còn,đất nói_năng biết thầy_địa_lý hàm_răng còn không
"nhiều bướm quá , có con đẹp quá kìa",bướm nhiều có con đẹp quá
bài này giải rất dễ,bài này giải dễ
"nhà_nước của chúng_ta thật_sự dân_chủ , vì nhà_nước đó thực_sự là của dân , sứ_mạng lịch_sử của nó là huy_động lực_lượng của nhân_dân để xây_dựng xã_hội mới , đời_sống mới , con_người mới",nhà_nước dân_chủ nhà_nước của dân lực_lượng nhân_dân huy_động xã_hội mới xây_dựng đời_sống mới con_người mới
hình_như anh hài_lòng lắm thì_phải,hình_như anh hài_lòng
"đừng xanh như lá , bạc như vôi",xanh như lá bạc như vôi đừng
may_vá có khó thì mới_phải học,may_vá khó thì mới_phải học
"sau trúc , ô_kìa",trúc sau ô_kìa
mai đi thì muộn,mai đi muộn thì
còn con Cún đâu rồi,Cún đâu
đi đâu_đấy,đi đâu_đấy
Mưa ướt hết bây_giờ,mưa ướt hết
nhưng ai biết mà sợ,biết ai mà sợ
"thế_mà quả thị , lạ thay , vẫn không rơi xuống",thế_mà quả thị rơi xuống không lạ
cuốn truyện này rất hay,cuốn truyện này hay
thì_giờ là vàng_bạc,thì_giờ vàng_bạc
ông_cụ yếu đi thì đáng lo,ông_cụ yếu lo
tổ_quốc có bao_giờ đẹp thế_này chăng,tổ_quốc có bao_giờ đẹp thế_này chăng
"lá ơi , đừng rụng nữa",lá ơi rụng đừng
thấy địch thì khai_triển đội_hình,địch thấy thì đội_hình khai_triển
"ô_hay , con làm_gì",ô_hay con làm_gì
đấm_đá như_thế cứ gọi_là tan xương,đấm_đá như_thế tan xương
sao anh lại nói thế,anh nói sao
con phải cất áo_quần vào kẻo mưa đến_nơi rồi đấy,con áo_quần cất mưa
ông mà nói gà thì bà lại nói vịt,gà ông nói thì vịt bà nói
"ông thì nói gà , bà thì nói vịt",gà ông nói vịt bà nói
ai thích nho,nho thích ai
người vẽ bức này là ông Đức,người bức này vẽ là Đức
Phải làm thế_nào,làm thế_nào
sao anh nỡ làm thế,anh làm thế sao nỡ
giờ ngủ thì các cháu im_lặng,giờ ngủ cháu im_lặng
cái đó chỉ là liều thuốc an_thần thôi,thuốc an_thần thôi
mai muốn kịp thì đi máy_bay,mai kịp muốn máy_bay
tôi xin cảm_ơn,tôi cảm_ơn
Thúy đã làm được Toán lớp 7 khi đang còn học lớp 6,khi học lớp 6 Thúy Toán lớp 7 làm được
khi tàu chạy về,khi tàu về
lúc này gạo_châu_củi_quế,lúc này gạo_châu_củi_quế
"từ bấy_giờ đến bây_giờ , hơn sáu năm trời rồi",bấy_giờ bây_giờ hơn sáu năm
gió không nên mở tung cửa_sổ,cửa_sổ gió mở không nên
có đau không,đau có
"càng chiến_đấu oanh_liệt , càng thắng_lợi giòn_giã , càng sản_xuất càng xây_dựng khỏe bao_nhiêu , nhân_dân ta càng yêu_quý văn_nghệ bấy_nhiêu , bởi_vì văn_nghệ là tinh_hoa của cuộc_sống , là một sức_mạnh , là một vũ_khí chiến_đấu và để chiến_thắng",oanh_liệt chiến_đấu giòn_giã thắng_lợi sản_xuất xây_dựng khỏe nhân_dân văn_nghệ yêu_quý bởi_vì văn_nghệ tinh_hoa cuộc_sống là sức_mạnh vũ_khí chiến_đấu chiến_thắng
"dưới cờ Việt_Minh , đồng_bào hãy dũng_cảm tiến lên",dưới cờ Việt_Minh đồng_bào hãy dũng_cảm tiến lên
"lá ơi , đừng rụng nữa",lá ơi rụng đừng
"bác đến chơi đây , ta với ta",bác đến chơi đây ta với ta
quá trưa mà khách vẫn chưa đến,trưa khách đến chưa
giờ ngủ thì các cháu im_lặng,giờ ngủ cháu im_lặng
"tuy mới học lớp 6 , Thúy đã làm được Toán lớp 7",tuy học lớp 6 mới Thúy Toán lớp 7 làm được
không làm thì không ăn,làm không thì ăn không
đội ta e thua mất,đội ta thua mất
giáo_viên đã ăn mấy quả nho,giáo_viên nho ăn mấy
cây gạo đầu làng bị sét đánh_đổi rồi,đầu làng cây gạo sét đánh_đổ
Nam thì tôi tin chắc là sẽ trúng_cử,tôi tin Nam trúng_cử chắc
mọi người đi rồi chỉ còn thằng bé Tun ở nhà,người đi chỉ còn thằng bé Tun nhà ở
xin các bạn giữ trật_tự,xin bạn trật_tự
"mây ơi , hãy ngừng trôi",mây trôi hãy ngừng
"bác đến chơi đây , ta với ta",bác đến chơi đây ta với ta
"mặc_dù vậy đối_với gia_đình vợ , Thứ vẫn cố_ý không thân_mật lắm",đối_với gia_đình vợ Thứ thân_mật cố_ý không
những người đã được gặp Hồ_Chủ_Tịch,Hồ_Chủ_Tịch những người gặp được
cha nào cũng mong con ngoan,cha nào mong con ngoan
cần gì ? nói ngay đi,cần gì ? nói
Nam là học_sinh giỏi,Nam học_sinh giỏi
còn hai bài kia thì sai,còn hai sai
"nước reo quanh chân lúa , lúa rung lên , lòng người cũng rung lên",nước quanh chân lúa reo lúa rung lòng người rung
khi trời mưa tạnh thì sẽ có cầu vòng,khi mưa tạnh cầu vòng có
nó làm rách cái màn mất,nó cái màn làm rách
anh_ta có tài mà chẳng có đức,anh_ta tài có đức chẳng có
"cằm ông bạnh ra , mắt ông trợn_trừng , cả người ông như một pho tượng bằng đồng_đen cuồn_cuộn những bắp_thịt",cằm ông bạnh ra mắt trợn_trừng cả người pho tượng bằng đồng_đen cuồn_cuộn bắp_thịt
khôn sống mống chết là một thực_tế xã_hội,khôn sống mống chết là xã_hội thực_tế
việc này khó lắm đấy,việc này khó lắm đấy
lúc ấy có_thể nghe thấy một cái tác rất kêu,lúc ấy tát nghe
nhỡ sẩy chân một cái thì khốn,nhỡ sẩy chân thì khốn
khôn sống mống chết là một thực_tế xã_hội,khôn sống mống chết là xã_hội thực_tế
tuy không ai nói_gì nhưng mọi người lãng dần ra,tuy ai nói_gì không nhưng mọi người lãng dần
ai làm_việc này,làm_việc này ai
"bỗng gặp người , lưng ngựa đèo cao",người gặp bỗng ngựa lưng đèo cao
tôi làm được,tôi được làm
"cần gì , nói ngay đi",cần nói
"không làm , không ăn",làm không ăn không
"bà ấy đánh con chó dữ quá , làm như_thế không có tác_dụng giáo_dục",bà ấy chó đánh quá như_thế tác_dụng không có
tham thì thâm,tham thâm thì
có một người thì làm không xuể,người một làm xuể không
giếng nước này trong mà_lại gần nhà,giếng này nước trong gần nhà
"nói_tóm_lại , mỗi cán_bộ , mỗi hội_viên phải học lí_luận , phải đem lí_luận áp_dụng vào thực_tế",nói_tóm_lại cán_bộ hội_viên lí_luận phải học lí_luận phải đem thực_tế áp_dụng
anh Nam làm_việc thì chăm_chỉ,Nam làm_việc chăm_chỉ
quan biết thì nó chết,quan biết nó chết
"vâng , mời bà cứ ngồi chơi thư_thả xơi nước , xơi trầu đã",mời bà ngồi chơi nước xơi trầu xơi
đi thi mà chủ_quan thì rất dễ trượt,thi chủ_quan trượt dễ
con Cún thì người_ta bắt mất rồi,Cún người_ta bắt rồi
ông có diêm không,ông diêm có
"ngoài kia tiếng gõ_cửa mạnh bao_nhiêu , trong này trống_ngực tôi mạnh bấy_nhiêu",ngoài kia tiếng gõ_cửa mạnh bao_nhiêu trong này trống_ngực tôi mạnh bấy_nhiêu
cái bông hoa này vẽ to quá,hoa này vẽ to
phải tôn_trọng và giúp_đỡ người già_cả và phụ_nữ có_thai,tôn_trọng giúp_đỡ người già_cả phụ_nữ có_thai phải
"tuy_vậy , làm thơ không phải dễ",tuy_vậy làm thơ không phải dễ
mỗi người một vẻ,mỗi người một vẻ
bước làm_sao được với chồng sách ôm trên tay thế kia,bước làm_sao với sách tay ôm thế kia
loài thú ăn thịt khó săn là hổ,thú thịt ăn săn khó là hổ
tuy không ai nói_gì nhưng mọi người lãng dần ra,tuy ai nói_gì không nhưng mọi người lãng dần
"ôi , cảnh ly_biệt mà_sao buồn vậy",ly_biệt mà_sao buồn
mọi người đứng_dậy,mọi người đứng_dậy
nó chê cấm là nó ốm đấy,nó cấm chê nó ốm đấy
"vào đâu tre cũng sống , ở đâu tre cũng xanh tốt",vào đâu tre sống đâu tre xanh tốt
cháu kén quá đấy,cháu kén quá
Không_khí êm_ả và trong_sạch,Không_khí êm_ả trong_sạch
còn bạc còn tiền còn đệ_tử,bạc còn tiền còn đệ_tử còn
ăn nhiều quá thì mới sinh_bệnh chứ,ăn nhiều sinh_bệnh
mọi lí_thuyết đều xám,lí_thuyết mọi xám đều
"trẻ thời đi vắng , chợ thời xa",trẻ thời đi vắng chợ thời xa
thế có khổ không,thế khổ có
"mềm nắn , rắn buông",mềm nắn rắn vuông
anh chỉ phải đợi ba_tháng nữa_là cùng,anh đợi ba_tháng
giai_cấp nào nắm quyền_sở_hữu về tư_liệu_sản_xuất thì giai_cấp đó là giai_cấp thống_trị,giai_cấp quyền_sở_hữu tư_liệu_sản_xuất nắm giai_cấp thống_trị
Cụ Tú tóc bạc hết cả rồi,Cụ Tú tóc bạc hết
người là hoa đất,người hoa đất
điều anh vừa nói ấy tôi biết rồi,điều anh vừa nói tôi biết
cuốn truyện này không hay,cuốn truyện này hay không
"ở đây lúc này , trời nóng quá",ở đây lúc này nóng quá
anh đau lắm à,anh đau
"mây ơi , hãy ngừng trôi",mây trôi hãy ngừng
tuy miệng cười_nói vậy_mà bụng ông cũng rối_bời lên,miệng cười_nói vậy_mà bụng ông rối_bời
"ôi , cảnh ly_biệt mà_sao buồn vậy",ly_biệt mà_sao buồn
trên cùng là tượng phật,trên cùng tượng phật
"hễ tôi hơi động vào mình nó , nó lại lè lưỡi ra y_như thường_ngày",tôi hơi động nó nó lè lưỡi
còn con Cún đâu rồi,Cún đâu
không làm thì không ăn,làm không thì ăn không
"bói thì_ra ma , quét nhà thì_ra rác",bói thì_ra nhà quét rác thì_ra
đáng tiếc thật,thật tiếc
nó hỏng kì thi này vì đề thi khó quá,nó thi hỏng vì đề khó
ta phải cải_tiến thao_tác để nâng cao năng_suất,ta cải_tiến thao_tác phải để nâng cao năng_suất
"em đã sống , bởi_vì em chiến thắng",em sống bởi_vì em chiến thắng
đấm_đá như_thế cứ gọi_là tan xương,đấm_đá như_thế tan xương
có_tiếng đại_bác nổ ùng_oàng từ xa,xa có_tiếng đại_bác ùng_oàng
sách mà hay thì ai cũng thích đọc,sách hay thì ai đọc thích
có những mười người vắng_mặt,có người mười vắng_mặt
mình đọc hay tôi đọc,mình đọc hay tôi đọc
"công_việc ư , thì tôi vẫn quan_tâm đấy chứ",công_việc thì tôi vẫn quan_tâm
"cá cả , lợn lớn",cá cả lợn lớn
nho xanh,nho xanh
thanh này không dài bằng thanh kia,thanh này thanh kia không dài bằng
nó cấm anh à,nó anh cấm
mẹ đi Hà_Nội chưa,mẹ Hà_Nội đi chưa
đang học lớp 6 mà Thúy đã làm được Toán lớp 7,lớp 6 học đang mà Thúy Toán lớp 7 làm được
một cái tát rất kêu,một tát rất kêu
cấm hút thuốc_lá,thuốc_lá hút cấm
không chạy xe trong sân,trong sân chạy xe không
"miễn_là đứng trên lập_trường tư_tưởng đại_chúng nhân_dân mà giải_quyết thì ta vẫn có_thể vận_dụng mọi hình_thức , ta vẫn hết_sức tự_do trong sự lựa_chọn đề_tài",trên lập_trường tư_tưởng đại_chúng nhân_dân mà giải_quyết thì ta hình_thức vận_dụng ta tự_do lựa_chọn đề_tài
không ai nói_gì nên mọi người lảng dần ra,ai nói_gì không nên mọi người lảng dần
"cần gì , nói ngay đi",cần nói
Biết_bao_nhiêu là sự đổi_thay,Biết_bao_nhiêu là đổi_thay
nấu ếch thì_phải nồi đất,ếch nồi đất nấu
cái này giá chỉ năm ngàn thì nhiều,cái này giá chỉ năm ngàn
ông bình bị anh tôi đánh,anh tôi Bình đánh
"mưa trắng , nắng đen",mưa trắng nắng đen
bây_giờ mà đi bộ thì không kịp,bây_giờ đi bộ không kịp
tai_nạn xảy_ra là vì người lái_xe say rượu,xảy_ra tai_nạn vì người lái_xe rượu say
"em ơi , buồn làm_chi",em buồn làm_chi
tôi gửi các bạn lời chào thân_ái,tôi bạn gửi lời chào thân_ái
"trong cuộc họp , tôi đã nêu câu_hỏi ấy lên , câu_hỏi quan_trọng nhất",trong cuộc họp tôi đã câu_hỏi nêu nhất quan_trọng
"mặc_dù vậy đối_với gia_đình vợ , Thứ vẫn cố_ý không thân_mật lắm",đối_với gia_đình vợ Thứ thân_mật cố_ý không
bức này màu không đẹp,bức này màu đẹp không
làm_sao cho khỏi ướt,ướt làm_sao
"mây ơi , hãy ngừng trôi",mây trôi hãy ngừng
"cái cảnh trăng_tròn , gió mát , hồ lặng , trời xanh của trung_thu , lại làm cho các cháu vui_cười hớn_hở",trăng_tròn gió mát hồ lặng trời xanh trung_thu các cháu vui_cười hớn_hở
"anh có biết ông ấy không , ông Văn ấy mà",anh ông ấy biết Văn
"thế_mà quả thị , lạ thay , vẫn không rơi xuống",thế_mà quả thị rơi xuống không lạ
điều ấy tôi biết rồi,điều ấy tôi biết rồi
thế_thì tốt,thế_thì tốt
tiếng ùng_oàng của đại_bác nghe thưa dần,tiếng đại_bác ùng_oàng nghe thưa dần
công_việc đang bộn_bề,công_việc bộn_bề
người_ta đã yêu_mến anh là vì_thế,người_ta anh yêu_mến
ở đây vui quá nhỉ,ở đây vui quá
bao_giờ trời nổi can_qua,trời nổi can_qua
anh mời tôi đến,anh mời tôi đến
Nam có_thể sẽ trúng_cử,có_thể Nam trúng_cử sẽ
dưa_hấu và chuối có cách ăn khác_nhau,dưa_hấu chuối ăn khác_nhau
Phải tăng_gia_sản_xuất,tăng_gia_sản_xuất Phải
nước sôi rồi,nước sôi rồi
điều anh vừa nói ấy tôi biết rồi,điều anh vừa nói tôi biết
anh Nam làm_việc chăm_chỉ,Nam làm_việc chăm_chỉ
"bà ấy đánh con chó dữ quá , làm như_thế không có tác_dụng giáo_dục",bà ấy chó đánh quá như_thế tác_dụng không có
vì lợi_ích chung ông_ta đã xin từ_chức,vì lợi_ích chung ông_ta từ_chức xin
thanh này ngắn hơn thanh kia,thanh này thanh kia ngắn hơn
ở đời quý nhất chữ_nhân,ở đời chữ_nhân quý
lúc ấy có_thể nghe thấy một cái tác rất kêu,lúc ấy tát nghe
tớ sẽ được điểm 10 về môn toán một_cách chắc_chắn,tớ toán điểm 10 được
Nam lau bàn,Nam bàn lau
đáng tiếc thật,thật tiếc
cuốn truyện này không hay lắm,cuốn truyện này hay không
nó phải giải nhiều bài,nó nhiều bài phải giải
"ông nói gà , bà nói vịt",gà ông nói vịt bà nói
muốn gì thì đã được rồi,muốn gì thì được rồi
"lúc bà trở_dạ , dông_bão nỗi lên ầm_ầm",lúc bà trở_dạ dông_bão ầm_ầm
"nó làm ra_vẻ ngạc_nhiên , không hề biết gì",nó ngạc_nhiên biết không gì
Nam là học_sinh giỏi,Nam học_sinh giỏi
đi đâu_đấy,đi đâu_đấy
Việt_Minh mà lên được thì dân đỡ khổ ông nhỉ,Việt_Minh lên thì dân khổ đỡ
"tôi không muốn đi , vả_lại đã muộn rồi",tôi đi không muốn vả_lại muộn rồi
đã bấy_lâu_nay bác tới nhà,đã bấy_lâu_nay bác tới nhà
người mà khó_tính thì chẳng ai ưa,người khó_tính ưa chẳng
"nước reo quanh chân lúa , lúa rung lên , lòng người cũng rung lên",nước quanh chân lúa reo lúa rung lòng người rung
tuy rất đẹp nhưng mùa nào thức ấy,tđẹp nhưng mùa nào thức ấy
tôi không dính vào việc này,tôi dính không vào
tôi đã ra_sức chiều_chuộng anh_ấy mà vẫn kêu là mình bi bạc_đãi,tôi anh_ấy ra_sức chiều_chuộng mà mình bi bạc_đãi kêu
vì_thế là nhiều đối_với cháu,vì_thế đối_với cháu nhiều
phải tôn_trọng và giúp_đỡ người già_cả và phụ_nữ có_thai,tôn_trọng giúp_đỡ người già_cả phụ_nữ có_thai phải
"đợi A_Phủ nói xong với vợ , anh Liên thân_mật hỏi : Tây bắt A_Phủ mấy hôm",A_Phủ nói xong Liên thân_mật hỏi Tây A_Phủ bắt hôm mấy
họ đã bảo mà,họ bảo đã
trời sắp mưa đến_nơi rồi kìa,mưa sắp
tôi đã cấm anh kia rồi mà,tôi anh cấm
"tiếng đấm , tiếng đá nhau bình_bịch",đấm đá tiếng bình_bịch
việc này khó lắm đấy,việc này khó lắm đấy
tôi cố nói rất tự_nhiên để anh không một_chút nghi_ngờ,tôi tự_nhiên nói anh không một_chút nghi_ngờ
tôi ăn sáng lúc 6 giờ,tôi sáng ăn giờ 6
anh thích nhất kẹo chanh,anh kẹo chanh thích nhất
chắc_chắn là Nam sẽ trúng_cử,chắc_chắn Nam trúng_cử sẽ
suốt hai ngày đi bộ,hai ngày đi bộ
nó chê cấm là nó ốm đấy,nó cấm chê nó ốm đấy
"ai chứ , anh Ba thì khỏi phải giới_thiệu",giới_thiệu Ba phải khỏi
chuyện này nghiêm_trọng đây,chuyện này nghiêm_trọng
"nói đoạn , Ngũ_Viên liền đăm cổ tự_sát",đoạn nói Ngũ_Viên đăm cổ tự_sát
Hà_Nội thủ_đô nước ta,Hà_Nội thủ_đô nước ta
"cải chửa ra cây , cà mới nụ",cải cây chửa ra cà nụ mới
anh_ấy đã lấy tiền ông Ba,ông Ba anh_ấy lấy tiền
hãy tươi mãi màu xanh_tươi ánh thép,màu xanh_tươi tươi mãi ánh thép hãy
anh nói sao cũng được,anh nói sao được
chìa_khóa này không mở được cửa,chìa_khóa này cửa mở không được
"bác đến chơi đây , ta với ta",bác đến chơi đây ta với ta
chỉ còn hai bát cơm trong nồi,hai bát cơm nồi chỉ còn
mình em nấy nướng thì không kịp,em ấy nướng không kịp
trong phích có nước sôi đấy,phích nước sôi có
"rẻ thì_có rẻ , nhưng không đẹp",rẻ thì_có rẻ nhưng đẹp không
"gió thổi , mây bay",thổi gió bay mây
sông_cạn_đá_mòn anh vẫn thủy_chung,sông_cạn_đá_mòn anh thủy_chung vẫn
anh_ấy đã lấy tiền ông Ba,ông Ba anh_ấy lấy tiền
cậu Vàng đi_đời rồi ông giáo ạ,ông giáo cậu Vàng đi_đời rồi
sách hay người_ta mới thích đọc,sách hay người_ta đọc thích
vì lợi_ích chung ông_ta đã xin từ_chức,vì lợi_ích chung ông_ta từ_chức xin
"non thì nhớ nước , nước mà quên non",non nước nhớ nước non quên
mày câm cái mồm đi,mày mồm câm
bảo sao nghe vậy,bảo sao nghe vậy
bạn ăn sáng lúc mấy giờ,bạn ăn sáng giờ mấy
xe của tôi là cái màu đỏ ấy,xe của tôi màu đỏ
mẹ đi Hà_Nội rồi,mẹ Hà_Nội rồi
"phen này , ông Tư ắt_là hả_hê",phen này Tư hả_hê
chúng_tôi rất thương cháu,chúng_tôi cháu thương
gà của ông Tư chết mất hai con,ông Tư gà hai chết
bố ạ ! nếu thế_thì con đã gặp anh Sạ,bố con Sạ gặp
nó thì nó chẳng tin được đâu,nó tin chẳng
Cụ Tú đã bạc hết cả tóc rồi,Cụ Tú tóc bạc hết
cám_ơn các bạn,cám_ơn các bạn
"anh Đức này , anh lấy tôi làm vợ nhé",anh Đức anh tôi lấy làm vợ
anh thì cần gì đến tôi,tôi anh cần gì
mời ngồi xuống,mời ngồi
tôi đã ra_sức chiều_chuộng anh_ấy,anh_ấy tôi ra_sức chiều_chuộng
anh kê cái bàn ấy ra đây cho đẹp,anh bàn kê đây đẹp
"càng chiến_đấu oanh_liệt , càng thắng_lợi giòn_giã , càng sản_xuất càng xây_dựng khỏe bao_nhiêu , nhân_dân ta càng yêu_quý văn_nghệ bấy_nhiêu , bởi_vì văn_nghệ là tinh_hoa của cuộc_sống , là một sức_mạnh , là một vũ_khí chiến_đấu và để chiến_thắng",oanh_liệt chiến_đấu giòn_giã thắng_lợi sản_xuất xây_dựng khỏe nhân_dân văn_nghệ yêu_quý bởi_vì văn_nghệ tinh_hoa cuộc_sống là sức_mạnh vũ_khí chiến_đấu chiến_thắng
nó thì chẳng tin được đâu,nó tin chẳng
nước_non mình đâu cũng đẹp như tranh,nước_non đẹp như tranh
ra lấy áo_quần vào đi con,ra áo_quần lấy
nước giếng này trong,nước giếng này trong
đại_bác ùng_oàng suốt đêm,đại_bác ùng_oàng suốt đêm
liễu xa đào liễu ngả đào nghiêng,liễu đào xa liễu ngả đào nghiêng
tuy không ai nói_gì nhưng mọi người lãng dần ra,tuy ai nói_gì không nhưng mọi người lãng dần
"suốt từ sáng đến chiều , ông ấy làm_việc liên_tục",sáng chiều ông ấy làm_việc liên_tục
chạy làm cho khí_huyết lưu_thông,chạy làm cho khí_huyết lưu_thông
tôi rót nước sôi vào phích,tôi phích nước sôi rót
tôi cố nói rất tự_nhiên để anh không một_chút nghi_ngờ,tôi tự_nhiên nói anh không một_chút nghi_ngờ
cháu kén quá đấy,cháu kén quá
nhưng ai biết mà sợ,biết ai mà sợ
"giời_ơi là giời , có chồng_con nhà nào như_thế không",giời_ơi giời có chồng_con nhà nào như_thế
đại_bác ùng_oàng suốt đêm,đại_bác ùng_oàng suốt đêm
Xiêm_áo ai,Xiêm_áo ai
xin đề_nghị các đồng_chí yên_lặng,xin đồng_chí đề_nghị yên_lặng
sau đây là vài điểm cần nói rõ thêm,sau đây vài điểm nói rõ cần
"nó làm ra_vẻ ngạc_nhiên , không hề biết gì",nó ngạc_nhiên biết không gì
mày có ra lấy áo_quần vào không Lan,Lan ra áo_quần lấy
"ngoài đình , trống lại thúc , mõ lại khua , tù_và rúc liên_thanh bất chỉ",ngoài đình trống thúc mõ khua tù_và liên_thanh rúc
cậu thích chó hơn hay mèo hơn,cậu chó mèo thích hơn
"anh Nam ấy à , tôi vừa gặp anh_ấy ở trường xong",Nam tôi gặp ở trường
ở đây trước lạ sau quen,ở đây lạ trước quen sau
lỗi này tại ai thì tôi không biết,lỗi này tại ai tôi không biết
sen xa hồ sen khô hồ cạn,hồ sen xa hồ cạn
anh cũng đừng nghi_ngờ gì anh_ấy,anh nghi_ngờ đừng anh_ấy
cần gì ? nói ngay đi,cần gì ? nói
mời ngồi xuống,mời ngồi
anh cũng đừng nghi_ngờ gì anh_ấy,anh nghi_ngờ đừng anh_ấy
"vào đâu tre cũng sống , ở đâu tre cũng xanh tốt",vào đâu tre sống đâu tre xanh tốt
Trời ấm_áp,Trời ấm_áp
bác vào chơi xơi nước ạ,bác vào nước xơi
giữa làng giữa chợ mà hắn dám chửi cả bố_con nhà bá Kiến,giữa làng giữa chợ hắn bố_con Bá_Kiến chửi
"nhiều bướm quá , có con đẹp quá kìa",bướm nhiều có con đẹp quá
Gió chạy loạt_soạt trong cỏ,Gió loạt_soạt chạy trong cỏ
mẹ đi Hà_Nội rồi,mẹ Hà_Nội rồi
tôi mời quý_vị an_tọa,quý_vị an_tọa mời
"sáng nay , nó đến mà tôi lại không có nhà",sáng nay nó đến tôi nhà có không
tiếng ùng_oàng của đại_bác nghe thưa dần,tiếng đại_bác ùng_oàng nghe thưa dần
phải đẩy_mạnh tốc_độ cơ_giới_hóa nông_nghiệp ; đẩy_mạnh cải_tạo giống gia_súc và cây_trồng nhằm thực_hiện thâm_canh trên toàn_bộ diện_tích trồng_trọt,tốc_độ cơ_giới_hóa nông_nghiệp đẩy_mạnh giống gia_súc và cây_trồng cải_tạo thực_hiện thâm_canh trên toàn_bộ diện_tích trồng_trọt
phen này thì_phải biết,phen này thì_phải biết
vần vấn_đề này thưa các bạn chúng_ta có rất nhiều ý_kiến,các bạn chúng_ta vấn_đề này ý_kiến nhiều có
tôi thì làm được,tôi làm được
Không làm thì không ăn đấy nhé,làm không thì ăn không
là lớp trưởng mà không gương_mẫu thì_sao nói được các bạn,lớp trưởng gương_mẫu không nói các bạn được
hoa bưởi thơm rồi : đêm đã khuya,hoa bưởi thơm đêm khuya
chồng tạp_chí ở trên cuốn Chí_Phèo,tạp_chí trên cuốn Chí_Phèo
cám_ơn các bác,cám_ơn các bác
trên thuận dưới hòa,trên thuận dưới hòa
con hay con mèo đánh vỡ bình hoa,con hay con mèo bình hoa vỡ
anh_ta có tài mà chẳng có đức,anh_ta tài có đức chẳng có
Năm nay mưa nhiều không,mưa năm nay nhiều
cá này mà hấp với nấm thì ngon tuyệt,cá này nấm hấp ngon
họ sống và chiến_đấu,họ sống và chiến_đấu
bảo là no thì tôi có no gì đâu,bảo no tôi có no gì đâu
"nóng quá , sắp mưa rồi",nóng quá mưa sắp
giáo_viên thích những quả nho xanh,giáo_viên nho xanh thích
được tặng giải 1 một cậu_bé mười_hai tuổi,giải 1 cậu_bé mười_hai tuổi
cám_ơn các bác,cám_ơn các bác
ai chứ vợ thì_phải nịnh chứ,ai chứ nịnh vợ chứ
"con tôi đứa thì đi làm , đứa thì đi học",con tôi đứa làm đứa học
ăn gì to_lớn đẫy_đà làm_sao,ăn gì to_lớn đẫy_đà làm_sao
"giời_ơi là giời , có chồng_con nhà nào như_thế không",giời_ơi giời có chồng_con nhà nào như_thế
cám_ơn các bác,cám_ơn các bác
cháu đã làm bài thi toán,cháu bài thi toán làm đã
nó suýt ngã,nó ngã suýt
bác vào chơi xơi nước ạ,bác vào nước xơi
chiều_hôm qua thì Ánh ra sông,chiều_hôm qua Ánh sông ra
chỗ này mà xây_dựng một bệnh_viện thì tốt,chỗ này bệnh_viện xây_dựng tốt
điều ấy tôi biết rồi,điều ấy tôi biết rồi
"cằm ông bạnh ra , mắt ông trợn_trừng , cả người ông như một pho tượng bằng đồng_đen cuồn_cuộn những bắp_thịt",cằm ông bạnh ra mắt trợn_trừng cả người pho tượng bằng đồng_đen cuồn_cuộn bắp_thịt
xe của tôi là cái màu đỏ ấy,xe của tôi màu đỏ
quý_vị ngồi xuống đi,quý_vị ngồi
chương 1 là chương dài nhất của cuốn sách,chương 1 chương cuốn sách dài nhất
tôi thương mẹ nhất,tôi mẹ thương nhất
vì không ai nói_gì nên mọi người lãng dần,vì ai nói_gì không nên mọi người lãng dần
gió đánh cành tre,cành tre gió đánh
có lệnh thì đi,lệnh có đi
về hay ở đều không tiện,về hay ở không tiện
sách mà hay thì ai cũng thích đọc,sách hay thì ai đọc thích
không chạy xe trong sân,trong sân chạy xe không
"miễn_là đứng trên lập_trường tư_tưởng đại_chúng nhân_dân mà giải_quyết thì ta vẫn có_thể vận_dụng mọi hình_thức , ta vẫn hết_sức tự_do trong sự lựa_chọn đề_tài",trên lập_trường tư_tưởng đại_chúng nhân_dân mà giải_quyết thì ta hình_thức vận_dụng ta tự_do lựa_chọn đề_tài
"tiếng đấm , tiếng đá nhau bình_bịch",đấm đá tiếng bình_bịch
mới nứt mặt ra mà đã đòi lấy vợ,mặt nứt mới mà vợ lấy đòi
các bạn giữ trật_tự,bạn trật_tự
thế_là tốt,thế_là tốt
Nam trêu em bé,bé Nam trêu
anh Nam làm_việc thì chăm_chỉ,Nam làm_việc chăm_chỉ
trong tình_hình đó đòi_hỏi ta phải cố_gắng,trong tình_hình đó đòi_hỏi ta cố_gắng phải
"trời_đất ạ , có đời_nào như_vậy , cái thổ_tả gì cũng đắt",trời_đất có đời_nào như_vậy thổ_tả gì đắt cũng
tôi chỉ nghe nhạc vào ngày chủ_nhật,chủ_nhật tôi nhạc nghe
bệnh_nhân X đã mổ xong,bệnh_nhân X mổ xong
"nước reo quanh chân lúa , lúa rung lên , lòng người cũng rung lên",nước quanh chân lúa reo lúa rung lòng người rung
có yêu thì nói rằng yêu,yêu thì nói yêu
kỉ_niệm thành_lập đơn_vị ta là ngày 21 tháng mười_hai,thành_lập đơn_vị kỉ_niệm ngày 21 tháng mười_hai
vui sao buổi hành_quân nắng lửa,buổi hành_quân nắng lửa vui
"không ai nói_gì , rồi mọi người lảng dần ra",ai nói_gì không mọi người lảng dần
"người nách thước , kẻ tay đao",người thước nách kẻ đao tay
"ở đây lúc này , trời sắp mưa",ở đây lúc này mưa sắp
cần ăn để mà sống chứ không phải sống để mà ăn,ăn sống cần chứ sống ăn không phải
"ông Năm ấy mà , ông ấy tốt lắm",ông Năm tốt
anh cũng đừng nghi_ngờ gì anh_ấy,anh nghi_ngờ đừng anh_ấy
bao_giờ anh về,anh về bao_giờ
"những chiếc ô_tô chạy đi , chạy lại như những con_thoi , máy_bay_phản_lực rít ào_ào và len_lỏi giữa tất_cả những ô_tô , máy_bay ấy có một chiếc xe_đạp ba bánh",ô_tô chạy đi chạy như con_thoi máy_bay_phản_lực rít và len_lỏi máy_bay chiếc xe_đạp ba bánh có
mẹ của cô ấy,mẹ cô ấy
nó thì nó chẳng tin được đâu,nó tin chẳng
"những đòn tre , những thanh tre , những liếp nứa đã bắc qua cầu , đã mở_đường cho anh bộ_đội tiến lên , nước Việt_Nam tiến lên",đòn tre thanh tre liếp nứa cầu bắc bộ_đội mở_đường tiến lên Việt_Nam tiến
ông ngủ thì các cháu nên im_lặng,ông ngủ cháu im_lặng
Nam trêu em bé,bé Nam trêu
sáng vác tối vác thì ai mà chả chán,vác sáng vác tối chán
tuy miệng cười_nói vậy_mà bụng ông cũng rối_bời lên,miệng cười_nói vậy_mà bụng ông rối_bời
mọi người đi rồi chỉ còn thằng bé Tun ở nhà,người đi chỉ còn thằng bé Tun nhà ở
Nam trúng_cử rồi,Nam trúng_cử rồi
"bên vệ đường có hai cha_con làm_ruộng : cha đánh cày , con đập đất",vệ đường cha_con làm_ruộng hai cha cày đánh con đất đập
anh lấy áo … lấy chăn tôi … mặc vào … mặc đi,anh áo lấy chăn tôi lấy mặc vào mặc đi
ai làm được_việc này,việc này làm được ai
còn bạc còn tiền còn đệ_tử,bạc còn tiền còn đệ_tử còn
công_việc đang bộn_bề,công_việc bộn_bề
"ao sâu nước cả , khôn chài cá",ao nước sâu khôn chài cá
lúc này gạo_châu_củi_quế,lúc này gạo_châu_củi_quế
"vô_luận kẻ địch hung_bạo thế_nào , hễ đụng vào lực_lượng đó thì địch nào cũng phải tan_rã",vô_luận địch hung_bạo lực_lượng đụng thì địch tan_rã
mọi người đi rồi chỉ còn thằng bé Tun ở nhà,người đi chỉ còn thằng bé Tun nhà ở
người là hoa đất,người hoa đất
tôi cần biết ngày anh lên_đường,ngày anh lên_đường tôi biết cần
"trăng đã lên cao , đêm đã khuya lắm",trăng cao đêm khuya
các con không được cãi nhau nữa,con cãi nhau không được
năng_lực chuyên_môn của anh_ta nói ra không tiện,nói anh_ta năng_lực chuyên_môn tiện không
đề_nghị các đồng_chí yên_lặng,đồng_chí đề_nghị yên_lặng
Nam đập cái cốc vỡ tan,Nam cốc đập vỡ
vì_thế là nhiều đối_với cháu,vì_thế đối_với cháu nhiều
trong đánh ra ngoài đánh vào thì nhất_định thắng,đánh trong ra ngoài đánh vào thì thắng nhất_định
"không ai nói_gì , rồi mọi người lảng dần ra",ai nói_gì không mọi người lảng dần
"cần gì , nói ngay đi",cần nói
lỗi này tại ai thì tôi không biết,lỗi này tại ai tôi không biết
cảnh đẹp mà buồn làm_sao,cảnh đẹp mà buồn làm_sao
thanh này không dài bằng thanh kia,thanh này thanh kia không dài bằng
nó làm rách mất cái màn,nó cái màn làm rách
điều ta không muốn thì không nên làm cho người khác,ta điều muốn không làm cho người khác nên không
tôi mời quý_vị an_tọa,quý_vị an_tọa mời
nó có làm đâu mà làm,nó làm có đâu mà làm
ở đây bơi rất thích,ở đây bơi thích
anh đánh đàn cho tôi nghe,anh đàn đánh tôi nghe
"suốt từ sáng đến chiều , ông ấy làm_việc liên_tục",sáng chiều ông ấy làm_việc liên_tục
lấy chồng hay_chữ là tiên,chồng hay_chữ lấy là tiên
"nước ta là một , dân_tộc ta là một",nước một dân_tộc một
may_vá có khó thì mới_phải học,may_vá khó thì mới_phải học
sáng vác tối vác thì ai mà chả chán,vác sáng vác tối chán
"cái Tý hai hàng nước_mắt ròng_ròng , hôn_hít các em một lượt , rồi lủi_thủi , nó đội mê nón trên đầu và cắp gói áo vào nách",Tý nước_mắt ròng_ròng em hôn_hít nón đội mê trên đầu gói áo vào nách cắp
"em ơi , buồn làm_chi",em buồn làm_chi
cụ Tú tóc đã bạc hết rồi,Tú tóc bạc hết rồi
"nhằm thẳng quân_thù , bắn",nhằm quân_thù bắn
Phải làm thế_nào,làm thế_nào
"cần gì thì nói ngay đi , thưa bẩm mãi",cần gì thì nói bẩm mãi
"trăng đã lên cao , đêm đã khuya lắm",trăng cao đêm khuya
ông_cụ dạo này yếu lắm,dạo này ông_cụ yếu lắm
tôi không dính vào việc này,tôi dính không vào
lại muốn vòi tiền nữa chứ gì,muốn tiền chứ gì
đấm_đá như_thế cứ gọi_là tan xương,đấm_đá như_thế tan xương
khi có nhiều mây đen thì sẽ có lũ_lụt,khi mây đen nhiều thì lũ_lụt có
"hễ tôi hơi động vào mình nó , nó lại lè lưỡi ra y_như thường_ngày",tôi hơi động nó nó lè lưỡi
chẳng_qua là cái nợ_đời chi đây,chẳng_qua nợ_đời chi đây
mẹ nó đánh là đánh cho nó sợ thôi,mẹ nó đánh là đánh cho nó sợ
"tiếng đấm , tiếng đá nhau bình_bịch",đấm đá tiếng bình_bịch
ông nói gà thì bà nói vịt,gà ông nói thì vịt bà nói
ăn_có_nhai_nói_có_nghĩ thì mới là người khôn,ăn_có_nhai_nói_có_nghĩ là người khôn
một người thì chả mến,một người thì mến chả
"vâng , mời bà cứ ngồi chơi thư_thả xơi nước , xơi trầu đã",mời bà ngồi chơi nước xơi trầu xơi
mẹ đã về,mẹ đã về
đời còn quý chữ_nhân thì chưa đến_nỗi,đời chữ_nhân quý thì chưa đến_nỗi
mai mẹ về,mai mẹ về
con muốn ăn đòn phải không,con đòn muốn
thế_thì có khổ cho tôi không,thế_thì tôi khổ
Lương bật đèn_pin nhìn đồng_hồ tay : hai giơ rưỡi sáng,Lương đèn_pin bật đồng_hồ tay nhìn giờ hai rưỡi sáng
mai đã đi thì tôi chuẩn_bị không kịp,mai đi tôi chuẩn_bị không kịp
"nó giải được năm bài , thì ba bài đúng",nó bài năm ba đúng
cụ Tú tóc đã bạc hết rồi,Tú tóc bạc hết rồi
giáo_viên thích bao_nhiêu loại nho,giáo_viên loại nho thích bao_nhiêu
các con không được cãi nhau nữa,con cãi nhau không được
"vườn rộng rào thưa , khó duổi gà",vườn rộng rào thưa gà khó duổi
"ô_hay , con làm_gì",ô_hay con làm_gì
"càng âu duyên mới , càng dào tình xưa",càng âu duyên mới càng dào tình xưa
"cằm ông bạnh ra , mắt ông trợn_trừng , cả người ông như một pho tượng bằng đồng_đen cuồn_cuộn những bắp_thịt",cằm ông bạnh ra mắt trợn_trừng cả người pho tượng bằng đồng_đen cuồn_cuộn bắp_thịt
làm_ăn như_thế thfi không là may rồi,làm_ăn như_thế thì may không
càng đi xuống phong_cách càng quen mắt,đi xuống phong_cách quen mắt
mình đi xe_lửa hay máy_bay,xe_lửa hay máy_bay mình đi
cậu Vàng đi_đời rồi ông giáo ạ,ông giáo cậu Vàng đi_đời rồi
thiết_tưởng chuyện này anh thừa rõ,thiết_tưởng chuyện này anh rõ
mày câm cái mồm đi,mày mồm câm
nó ăn nhiều nhất_là kẹo chanh,nó kẹo chanh ăn nhiều
trong đánh ra ngoài đánh vào thì nhất_định thắng,đánh trong ra ngoài đánh vào thì thắng nhất_định
"như tranh_thủy_mặc ấy , đẹp quá",như tranh_thủy_mặc đẹp
"thật vĩ_đại , người chiến_sĩ trong gian_khổ nghìn_trùng càng cao vời_vợi ý_chí diệt thù cứu nước",vĩ_đại chiến_sĩ trong gian_khổ nghìn_trùng cao vời_vợi ý_chí thù diệt nước cứu
cháu không đi nhà_trẻ được vì trời mưa,nhà_trẻ cháu đi không được vì mưa
cần gì ? nói ngay đi,cần gì ? nói
lạ thay sức_mạnh của tâm_hồn,sức_mạnh tâm_hồn lạ thay
hắn mà dám thế à,hắn dám
hãy tươi mãi màu xanh_tươi ánh thép,màu xanh_tươi tươi mãi ánh thép hãy
"gà trống , gà mái đều là gà sống cả",gà trống gà mái đều gà sống
"thân tôi khổ , thân Ngói cũng khổ",thân tôi khổ thân Ngói khổ
"cái Tý hai hàng nước_mắt ròng_ròng , hôn_hít các em một lượt , rồi lủi_thủi , nó đội mê nón trên đầu và cắp gói áo vào nách",Tý nước_mắt ròng_ròng em hôn_hít nón đội mê trên đầu gói áo vào nách cắp
cha tôi cấm tôi hút thuốc_lá,tôi hút thuốc_lá cha cấm
quan biết thì nó chết,quan biết nó chết
sớm mưa trưa nắng là anh yêu mình,mưa sớm nắng trưa là anh mình yêu
cuốn truyện này không hay,cuốn truyện này hay không
đẹp gì con ấy mà đẹp,con ấy đẹp gì mà đẹp
con phải cất áo_quần vào kẻo mưa đến_nơi rồi đấy,con áo_quần cất mưa
chợ không họp vì không phải phiên,chợ không họp vì không phải phiên
dưới chồng tạp_chí có cuốn Chí_Phèo,dưới tạp_chí có cuốn Chí_Phèo
"đừng ra sân , ngoài ấy rét lắm",sân ra đừng ngoài ấy rét
khi tàu chạy thì về,tàu chạy thì về
món này ăn thì ngon nhưng làm thì mất_công,món này ngon nhưng làm mất_công
tôi cấm anh hút thuốc_lá,anh thuốc_lá hút tôi cấm
người_ta đã yêu_mến anh là vì_thế,người_ta anh yêu_mến
nếu anh thấy cần thì tôi làm xong ngay,nếu anh cần thì tôi làm xong ngay
giáo_viên thích gì,giáo_viên thích gì
Nam trúng_cử,Nam trúng_cử
người đâu mà vô_tâm,người đâu mà vô_tâm
dễ người dễ ta,dễ người dễ ta
đi_sau chót chắc là cơ_quan ta,đi_sau cơ_quan ta chắc chót
đã bấy_lâu_nay bác tới nhà,đã bấy_lâu_nay bác tới nhà
tôi thương mẹ nhất,tôi mẹ thương nhất
hoa bưởi thơm rồi : đêm đã khuya,hoa bưởi thơm đêm khuya
liễu xa đào liễu ngả đào nghiêng,liễu đào xa liễu ngả đào nghiêng
"anh Đức này , anh lấy tôi làm vợ nhé",anh Đức anh tôi lấy làm vợ
cảnh đẹp mà buồn,cảnh đẹp mà buồn
"trẻ thời đi vắng , chợ thời xa",trẻ thời đi vắng chợ thời xa
Làm_sao mà trốn về được,trốn về Làm_sao
năm nay mưa ít quá,mưa năm nay ít
chẳng thơm cũng thể hoa nhài,thơm chẳng cũng thể hoa nhài
tôi thì làm được,tôi làm được
"từng bụi tre , vườn chè , vườn cọ , con ngòi , đám ruộng đã quen_thuộc , đáng yêu không khác_gì nơi quê_hương mình rồi",bụi tre vườn chè vườn cọ ngòi ruộng quen_thuộc yêu không khác_gì nơi quê_hương mình
cái xe màu đỏ ấy mới là xe của tôi,xe màu đỏ là xe của tôi
con hãy ngừng ngay cái việc đáng đánh_đòn ấy,ngừng ngay việc đáng đánh_đòn
tôi đã xem trận ấy,tôi trận ấy đã xem
gã kia làm hỏng cái máy mất,gã kia máy làm hỏng
bài thi toán cháu được nửa điểm,bài thi toán cháu nửa điểm
gì chứ cơm ngày hai bữa thì vẫn có,gì chứ cơm hai bữa có
khi có nhiều mây đen thì sẽ có lũ_lụt,khi mây đen nhiều thì lũ_lụt có
"ở đây lúc này , trời sắp mưa",ở đây lúc này mưa sắp
lúc ấy có_thể nghe thấy một cái tác rất kêu,lúc ấy tát nghe
ở đây tôi cũng làm_việc,tôi ở đây làm_việc
sách có hay thì người_ta mới thích đọc,sách hay có người_ta đọc thích
tôi cũng không biết,tôi không biết cũng
điều ta không muốn thì không nên làm cho người khác,ta điều muốn không làm cho người khác nên không
muốn ấm_no thì_phải làm_gì,ấm_no làm_gì
thôi_thì có phải bán cả con lẫn chó cũng đành,thôi_thì con chó bán phải đành
hoa bưởi thơm rồi : đêm đã khuya,hoa bưởi thơm đêm khuya
em ai thích nhất kẹo chanh,kẹo chanh thích nhất em ai
chắc_chắn là tớ sẽ được điểm 10 về môn toán,tớ toán điểm 10 được chắc_chắn
"đèn đêm đã bật , sân_bay lại bắt_đầu làm_việc",đèn đêm bật sân_bay bắt_đầu làm_việc
anh mời thì tôi đến,anh mời tôi đến
hiếm một nỗi là ông_bà ấy không có con_trai,hiếm ông_bà ấy con_trai không
lúc ấy có_thể nghe thấy một cái tác rất kêu,lúc ấy tát nghe
họ gặp nhau lần cuối là trong chiến_dịch Tây_Bắc,họ lần cuối gặp trong chiến_dịch Tây_Bắc
"nhiều bướm quá , có con đẹp quá kìa",bướm nhiều có con đẹp quá
các bạn giữ trật_tự,bạn trật_tự
"nước ta là một , dân_tộc ta là một",nước một dân_tộc một
"của_đáng_tội , nó có biết gì đâu",của_đáng_tội nó biết gì
"ngoài đình , trống lại thúc , mõ lại khua , tù_và rúc liên_thanh bất chỉ",ngoài đình trống thúc mõ khua tù_và liên_thanh rúc
